{
  "string": [
    {
      "name": "module_desc",
      "value": "module description"
    },
    {
      "name": "EntryAbility_desc",
      "value": "description"
    },
    {
      "name": "EntryAbility_label",
      "value": "label"
    },
    {
      "name": "location_permission_reason",
      "value": "Location information is required for map features."
    },
    {
      "name": "marker_title_venice",
      "value": "Venice, Italy"
    },
    {
      "name": "loading_map_text",
      "value": "Loading map..."
    }
  ]
}